"Store Type","Total Sales","Percentage of Total Sales","Total Orders"
"Local","4200344.26999981","65.019475126743","78409"
"Mall Kiosk","705645.900000001","10.9230870362301","13142"
"Outlet","508029.410000001","7.86407100557747","9207"
"Super Store","1045045.19","16.176838223199","19276"
"Web Portal","1067.77","0.0165286082505055","43"
